article,reference_summary,qwen_summary_greedy,qwen_summary_beam2
"Giải thưởng công bố gần đây bởi World Travel Awards. Đây là năm thứ hai liên tiếp InterContinental Phu Quoc Long Beach Resort được vinh danh ở hạng mục gia đình trên toàn châu Á. Khu nghỉ dưỡng tọa lạc bên biển Phú Quốc, nổi bật với thiết kế lấy cảm hứng từ đại dương. Khuôn viên rộng rãi với nhiều mảng xanh thiên nhiên đậm chất nhiệt đới. Không gian sảnh lễ tân, phòng nghỉ, villa, nhà hàng... đều được chú trọng để tạo sự hài hòa với biển và cây cối. Du khách có thể chọn nghỉ ngơi tại khu phòng khách sạn rộng rãi, tiện nghi, hoặc những căn hộ, phòng suite, biệt thự cao cấp hướng biển. Mỗi không gian được thiết kế dựa trên tinh thần gắn kết các thành viên trong gia đình. Bên cạnh tiện nghi sang trọng, InterContinental Phu Quoc còn hút khách gia đình nhờ loạt trải nghiệm giải trí, thư giãn đa dạng, phù hợp với mọi độ tuổi. Với trẻ nhỏ, khu Planet Trekker là nơi các bé có thể thoải mái vui chơi, học hỏi từ các đầu sách thiếu nhi, những buổi workshop thủ công... Phụ huynh có thể yên tâm gửi gắm con em ở khu trẻ em để tận hưởng các dịch vụ thư giãn, trị liệu, tái tạo năng lượng tại The Hideout. Khu nghỉ dưỡng mang đến loạt liệu trình chăm sóc sức khỏe toàn diện từ liệu pháp phục hồi, workshop thiền, chuỗi hoạt động hàng ngày được thiết kế riêng... giúp du khách cân bằng cả ba yếu tố 'thân - tâm - trí'. Nếu muốn giải tỏa căng thẳng, HARNN Heritage Spa với lối kiến trúc tre nứa độc đáo bên hồ sen tĩnh lặng sẽ là lựa chọn lý tưởng. Các chòi trị liệu đều được xây bằng chất liệu thiên nhiên, thân thiện môi trường. Thiết kế lấy cảm hứng từ hệ ngũ hành và những yếu tố đậm chất văn hóa Á Đông. Những buổi trị liệu tại đây đều sử dụng thảo mộc, tinh dầu đặc chế, mang đến sự thư giãn cả về thể chất lẫn tinh thần. Resort còn có một 'ốc đảo' ẩn mình sâu bên trong khuôn viên là Club InterContinental Lounge. Nơi này dành riêng cho các vị khách thượng lưu, tìm kiếm dịch vụ cao cấp với sự riêng tư tuyệt đối. Bể bơi tách biệt kèm nhiều dịch vụ ưu tiên hứa hẹn tối ưu trải nghiệm nghỉ dưỡng cao cấp. Về ẩm thực, InterContinental Phu Quoc Long Beach Resort mang đến thực đơn sáng tạo tại các nhà hàng, quán bar, chỉ cách vài bước di chuyển từ nơi nghỉ ngơi. Trong đó, Sea Shack nổi bật khi mang đến menu hòa trộn giữa hương vị tươi ngon từ biển cả và không gian thoáng đãng bên bờ biển. Đây sẽ là nơi sum họp, gặp gỡ, trò chuyện lý tưởng cho các gia đình đa thế hệ. Nếu muốn trải nghiệm những bữa tiệc cao cấp hơn, LAVA là lựa chọn phù hợp. Menu tại đây kết hợp giữa hải sản tươi ngon, các loại thịt tuyển chọn thượng hạng và rau xanh thu hoạch tại vườn hữu cơ. Tất cả hòa quyện cùng tủ rượu vang lâu năm được nhập từ nhiều nơi trên thế giới. Buổi tối, phụ huynh có thể thư giãn, nhấm nháp các loại cocktail đa dạng tại INK 360. Đây là một trong những quán bar tầng thượng cao nhất Phú Quốc với tầm nhìn bao trọn bờ biển dài, thích hợp cho những buổi hẹn hò, ngắm hoàng hôn lãng mạn. 'Dù là bữa tối dưới ánh hoàng hôn cho các đôi, tiệc hội họp gia đình, bạn bè... mỗi khoảnh khắc đều được InterContinental Phu Quoc Long Beach Resort trân trọng, chăm chút, giúp du khách lưu giữ những kỷ niệm khó phai', đại diện khu nghỉ dưỡng nêu. Á Hiên","InterContinental Phu Quoc Long Beach Resort đã được vinh danh là khu nghỉ dưỡng gia đình tốt nhất châu Á lần thứ 2 liên tiếp. Khu nghỉ dưỡng này tọa lạc bên biển Phú Quốc, nổi bật với thiết kế lấy cảm hứng từ đại dương. Khu nghỉ dưỡng cung cấp nhiều trải nghiệm giải trí, thư giãn đa dạng, phù hợp với mọi độ tuổi. Du khách có thể chọn nghỉ ngơi tại khu phòng khách sạn rộng rãi, tiện nghi, hoặc những căn hộ, phòng suite, biệt thự cao cấp hướng biển. Ngoài ra, khu nghỉ dưỡng cũng cung cấp nhiều dịch vụ cao cấp như Club InterContinental Lounge, HARNN Heritage Spa, và các nhà hàng, quán bar sang trọng.","InterContinental Phu Quoc Long Beach Resort nằm ở hạng mục gia đình trên toàn châu Á, với thiết kế lấy cảm hứng từ đại đàn. Khu nghỉ dưỡng tọa lạc ven biển Phú Quốc, nổi bật với thiết kế lấy cảm hứng từ đại đàn. Khu vực này mang đến nhiều tiện ích khác nhau, bao gồm phòng khách sạn rộng rộng, tiện nghi, nhà hàng, hồ bơi, spa gym, sân tập yoga, vườn BBQ, hồ bơi, spa gym, hồ bơi, spa gym, hồ bơi, spa gym, hồ bơi, spa gym, hồ bơi, spa gym, hồ bơi, spa gym, hồ bơi, spa gym, hồ bơi, spa gym, hồ bơi, spa gym, hồ bơi, spa gym, hồ bơi, spa gym, hồ bơi, spa gym, hồ bơi, spa gym, hồ bơi, spa gym, hồ bơi,","InterContinental Phu Quoc Long Beach Resort là khu nghỉ dưỡng tọa lạc ven biển Phú Quốc, được vinh danh ở hạng mục gia đình trên toàn châu Á. Khu nghỉ dưỡng rộng rãi với nhiều mảng xanh thiên nhiên và thiết kế dựa trên tinh thần gắn kết các thành viên trong gia đình. Khu vực tiện nghi rộng rộng với nhiều tiện nghi như phòng khách sạn, nhà hàng, spa gym, hồ bơi, hồ bơi, spa gym, hồ bơi, hồ bơi, hồ bơi, hồ bơi, hồ bơi, hồ bơi, hồ bơi, hồ bơi, hồ bơi, hồ bơi, hồ bơi, hồ bơi, hồ bơi, hồ bơi, hồ bơi, hồ bơi, hồ bơi, hồ bơi, hồ bơi, hồ bơi, hồ bơi, hồ bơi, hồ bơi, hồ bơi, hồ b"
"Theo bảng xếp hạng 20 quốc gia tốt nhất thế giới năm 2024 (The Best Countries in the World) do tạp chí du lịch Mỹ Condé Nast Traveler công bố vào tháng 10, Việt Nam ở vị trí 15 với 89 điểm. Một điểm đến khác thuộc Đông Nam Á có mặt trong danh sách này là Thái Lan, xếp thứ ba với 92,29 điểm. Đứng đầu top 20 là Nhật Bản với 95,32 điểm. Xếp hạng nằm trong giải thưởng thường niênReaders' Choice Awards của tạp chí Mỹ, dựa trên đánh giá của hơn 575.000 độc giả về các trải nghiệm du lịch ở mỗi quốc gia, xét theo các tiêu chí văn hóa, cảnh quan, dịch vụ du lịch và cơ sở hạ tầng. Độc giả của Condé Nast Traveler nhận xét Việt Nam thu hút du khách nhờ vẻ đẹp mộc mạc và quyến rũ. 'Với lượng khách nước ngoài đang trên đà tăng từ 2019 đến nay, Việt Nam không còn là điểm đến đáng chú ý mà thành điểm đến đáng ghé thăm', biên tập tờ Condé Nast Traveler viết. Theo số liệu từ Tổng cục Thống kê, trong 9 tháng đầu năm, Việt Nam đón hơn 12,7 triệu lượt khách quốc tế, vượt lượng khách cả năm 2023 là 12,6 triệu lượt. Lượng khách quốc tế đến Việt Nam tăng trưởng tích cực 9 tháng đầu năm 2024, với một số thị trường phục hồi hoàn toàn, tăng mạnh so với 2019, theo Cục Du lịch Quốc gia. Cục cũng dự đoán với đà tăng trường như hiện nay, Việt Nam sẽ hoàn thành mục tiêu đón 17-18 triệu lượt khách quốc tế năm 2024. Thái Lan được tạp chí Mỹ nhận xét là quốc gia đa dạng cảnh quan, giao thông thuận tiện với nhiều tàu thuyền, xe buýt đêm và chuyến bay nội địa giá rẻ. Ẩm thực cũng là điểm sáng của xứ chùa Vàng khi có nhiều khu chợ đêm nhộn nhịp, bày bán đặc sản địa phương. 8 tháng đầu năm 2024, Thái Lan đón hơn 20 triệu lượt khách quốc tế, tăng 34% so với cùng kỳ năm trước. Quốc gia này đặt mục tiêu đón ít nhất 36-37 triệu lượt khách nước ngoài trong cả năm nay, kỳ vọng thu về khoảng 3.500 tỷ baht (95,5 tỷ USD). Condé Nast Traveler là tạp chí du lịch nổi tiếng toàn cầu, ra mắt vào năm 1987. Các bảng xếp hạng của Condé Nast Traveler như Readers' Choice Awards được chuyên gia du lịch đánh giá là uy tín vì dựa trên ý kiến từ hàng triệu độc giả quốc tế. Bích Phương(TheoCNTraveller)","Việt Nam đã xếp hạng 15 trên bảng xếp hạng 20 quốc gia tốt nhất thế giới năm 2024 với 89 điểm. Thái Lan xếp hạng thứ 3 với 92,29 điểm. Nhật Bản đứng đầu bảng xếp hạng với 95,32 điểm. Xếp hạng dựa trên đánh giá của hơn 575.000 độc giả của Condé Nast Traveler về các trải nghiệm du lịch ở mỗi quốc gia. Việt Nam thu hút du khách nhờ vẻ đẹp mộc mạc và quyến rũ. Việt Nam dự đoán sẽ đón 17-18 triệu lượt khách quốc tế năm 2024. Thái Lan được tạp chí Mỹ nhận xét là quốc gia đa dạng cảnh quan, giao thông thuận tiện và ẩm thực phong phú.","Việt Nam đứng đứng vị thứ 15 trong danh sách 20 quốc gia tốt nhất thế giới năm 2024, với 89 điểm. Điểm đến khác thuộc Đông Nam Á bao gồm Thái Lan và Nhật, xếp thứ ba và thứ hai. Việt Nam thu hút du khách nhờ vẻ đẹp mộc mạc và quyến rục. Condé Nast Traveler đánh giá Việt Nam thu hút du khách nhờ vẻ đẹp mộc mạc và quyến rục.","Theo tạp chí du lịch Mỹ Condé Nast Traveler, Việt Nam đứng thứ 15 trong danh sách 20 quốc gia tốt nhất thế giới năm 2024 với 89 điểm. Việt Nam thu hút du khách nhờ vẻ đẹp mộc mạc và quyến rục. Điểm khác biệt với các điểm đến khác thuộc Đông Nam Á là Thái Lan, xếp thứ ba với 92,29 điểm. Việt Nam đặt mục tiêu đón ít nhất 36-37 triệu lượt khách nước ngoài trong cả năm nay, kỳ vọng thu về khoảng 3.500 tỷ baht (95,5 tỷ USD)."
"Ngày hội Văn hóa, Thể thao và Du lịch các dân tộc vùng Đông Bắc lầnthứ 11 năm nay có chủ đề 'Văn hóa vùng Đông Bắc -Bản sắc, hội nhập và vươn xa'. Đây là sự kiện quy mô lớn do Ủy ban nhân dân tỉnh Lạng Sơn phối hợp Bộ Văn hóa, Thể thao và Du lịch tổ chức với sự tham gia của 8 tỉnh: Bắc Giang, Bắc Kạn, Cao Bằng, Hà Giang, Tuyên Quang, Vĩnh Phúc, Thái Nguyên và tỉnh Lạng Sơn. Theo đại diện ban tổ chức, ngày hội được tổ chức nhằm phát huy tinh thần đoàn kết các dân tộc. Các hoạt động trong khuôn khổ ngày hội nhằm tôn vinh các giá trị văn hóa truyền thống của các dân tộc vùng Đông Bắc trong nền văn hóa thống nhất, đa dạng của cộng đồng 54 dân tộc Việt Nam. Bên cạnh đó, địa phương muốn giới thiệu những tiềm năng về văn hóa, thể thao và du lịch, phát huy giá trị di sản văn hóa vùng Đông Bắc. Sự kiện gắn với chào mừng kỷ niệm 193 năm ngày thành lập tỉnh Lạng Sơn (4/11/1831 - 4/11/2024) và 115 năm ngày sinh Hoàng Văn Thụ (4/11/1909 - 4/11/2024), người chiến sĩ cộng sản kiên trung, nhà lãnh đạo tiền bối tiêu biểu của Đảng và cách mạng Việt Nam, người học trò xuất sắc của Chủ tịch Hồ Chí Minh, người con ưu tú của nhân dân các dân tộc tỉnh Lạng Sơn. Trong khuôn khổ ngày hội sẽ diễn ra các hoạt động gồm lễ dâng hương tại huyện Văn Lãng và thành phố Lạng Sơn; lễ khai mạc được truyền hình trực tiếp trênsóng truyền hình quốc gia VTV2 và tiếp sóng trên kênh VTV5 và Đài Phát thanh - Truyền hình các tỉnh, thành phố. Bên cạnh đó là các hoạt động văn hóa, giải trí tại thành phố Lạng Sơn, như: trình diễn, giới thiệu trích đoạn lễ hội, nghi thức sinh hoạt văn hóa truyền thống dân tộc; không gian trưng bày giới thiệu, quảng bá sản phẩm văn hóa truyền thống của địa phương; trưng bày, chế biến và giới thiệu văn hóa ẩm thực truyền thống. Tại sự kiện còn có hoạt động thể thao có thi đấu các môn kéo co, đẩy gậy, tung còn, đi cà kheo; thi trình diễn kỹ năng hướng dẫn viên du lịch; hội thảo khoa học 'Du lịch văn hóa vùng Đông Bắc - khơi nguồn và phát triển'; triển lãm 'Đặc trưng văn hóa các dân tộc vùng Đông Bắc trong cộng đồng văn hóa các dân tộc Việt Nam'; hoạt động trưng bày triển lãm ảnh 'Đại gia đình các dân tộc vùng Đông Bắc - Bảo tồn và phát huy bản sắc văn hóa dân tộc'... Ngày hội văn hóa, thể thao và du lịch các dân tộc vùng Đông Bắc là sự kiện thường niên có quy mô lớn nhằm tôn vinh các giá trị văn hóa truyền thống tốt đẹp các dân tộc vùng Đông Bắc trong nền văn hóa thống nhất, đa dạng của cộng đồng 54 dân tộc Việt Nam. Thế Đan","Ngày hội Văn hóa, Thể thao và Du lịch các dân tộc vùng Đông Bắc là sự kiện thường niên quy mô lớn, được tổ chức tại tỉnh Lạng Sơn. Năm nay, sự kiện này có chủ đề 'Văn hóa vùng Đông Bắc - Bản sắc, hội nhập và vươn xa'. Các hoạt động trong khuôn khổ ngày hội nhằm tôn vinh các giá trị văn hóa truyền thống của các dân tộc vùng Đông Bắc, đồng thời giới thiệu tiềm năng văn hóa, thể thao và du lịch của địa phương. Sự kiện này gắn với kỷ niệm 193 năm ngày thành lập tỉnh Lạng Sơn và 115 năm ngày sinh Hoàng Văn Thụ, một chiến sĩ cộng sản kiên trung và nhà lãnh đạo tiền bối tiêu biểu của Đảng và cách mạng Việt Nam.","Ngày hội Văn hóa, Thể thao và Du lịch các dân tộc vùng Đông Bắc lầnthứ 11 năm nay có chủ đề ""Văn hóa vùng Đông Bắc - Bản bản, hội nhập và vưng xa"". Đây là sự kiện quy mô lớn do Ủy ban nhân dân tỉnh Lạng Sơn phối hợp Bộ Văn hóa, Thể thao và Du lịch tổ chức với sự tham gia của 8 tỉnh: Bắc Giang, Bắc Kạn, Cao Bằng, Hà Giang, Tuyên Quang, Vinh Phố, Đồng Tiền và tỉnh Lạng Sơn. Sự hội nhằm phát huy tinh thần đoàn kết các dân tộc, tôn vinh các giá trị văn hóa truyền thống của các dân tộc vùng Đông Bắc trong nền văn hóa thống nhất, đa dạng của cộng đồng 54 dân tộc Việt Nam.","Ngày hội Văn hóa, Thể thao và Du lịch các dân tộc vùng Đông Bắc lầnthứ 11 năm nay có chủ đề 'Văn hóa vùng Đông Bắc - Bản bản, hội nhập và vưng xa'. Đây là sự kiện quy mô lớn do Ủy ban nhân dân tỉnh Lạng Sơn phối hợp Bộ Văn hóa, Thể thao và Du lịch tổ chức với sự tham gia của 8 tỉnh: Bắc Giang, Bắc Kạn, Cao Bằng, Hà Giang, Tuyên Quang, Lạng Sơn và tỉnh Lạng Sơn. Ngày hội nhằm phát huy tinh thần đoàn kết các dân tộc, tôn vinh các giá trị văn hóa truyền thống của các dân tộc vùng Đông Bắc trong nền văn hóa thống nhất, đa dạng của cộng đồng 54 dân tộc Việt Nam."
"Giải thưởng do Tạp chí du lịch Condé Nast Traveler tổ chức đầu tháng 10. Việt Nam được vinh danh tại hai hạng mục, trong đó xếp thứ 15 trong top các quốc gia đáng du lịch nhất thế giới. Đặc biệt, Phú Quốc năm thứ ba liên tiếp vào danh sách 'Những hòn đảo tuyệt vời nhất thế giới' với số điểm 95,36, tăng so với 88,89 của năm ngoái. Số điểm này được đánh giá bởi độc giả toàn cầu dựa trên nhiều tiêu chí như chất lượng dịch vụ, cảnh sắc, bãi biển, ẩm thực và sự hiếu khách. Điểm số này đưa Phú Quốc từ vị trí thứ 8 trong top 10 đảo châu Á lên thứ hai, chỉ sau Bali (Indonesia) với số điểm suýt soát 95,71. Phú Quốc vượt qua các đối thủ khác như Koh Samui, Phuket (Thái Lan), Langkawi và Penang (Malaysia). Năm nay, Phú Quốc nhận được nhiều lời khen từ cộng đồng du lịch thế giới. Tháng 7, tạp chí Travel+Leisure bình chọn Phú Quốc là hòn đảo đẹp thứ hai thế giới, sau Maldives, tại giải thưởng World’s Best Awards 2024. DestinAsian đưa Phú Quốc vào top 10 đảo tuyệt vời nhất châu Á. Lonely Planet lại nhận định Phú Quốc là điểm đến biển hàng đầu của thập kỷ. Bên cạnh đó, tờ Chosun Ilbo của Hàn Quốc gọi hòn đảo này là điểm đến 'thỏa mãn' cả 5 giác quan. Bên cạnh vẻ đẹp thiên nhiên, 'đảo Ngọc' còn sở hữu nhiều trải nghiệm vui chơi giải trí độc đáo và hệ thống cơ sở hạ tầng nghỉ dưỡng tầm cỡ thế giới. Phú Quốc cũng là nơi duy nhất tại Việt Nam miễn visa cho toàn bộ du khách với thời gian lưu trú tới 30 ngày. Những thương hiệu nghỉ dưỡng nổi tiếng như JW Marriott Phu Quoc Emerald Bay Resort, La Festa Phu Quoc - Curio Collection by Hilton, New World Phu Quoc Resort và Premier Village Phu Quoc góp phần biến nơi đây thành điểm đến nghỉ dưỡng quốc tế. Bên cạnh nghỉ dưỡng, du khách đến Phú Quốc có thể trải nghiệm cáp treo ba dây dài nhất thế giới tới Hòn Thơm, hoặc tham quan Cầu Hôn - nơi ngắm hoàng hôn đẹp nhất Phú Quốc. Các show diễn quốc tế như Kiss of the Sea kết hợp 8 loại hình nghệ thuật trình diễn, Symphony of the Sea sắp ra mắt với jetski, flyboards cùng các yếu tố truyền thống Việt Nam như trống và cờ hội cũng gây ấn tượng với du khách. Đặc biệt, Thị trấn Hoàng Hôn ở nam đảo Phú Quốc trình diễn pháo hoa nghệ thuật hàng đêm, khiến hòn đảo thành điểm đến lễ hội quanh năm. Du khách cũng có thể khám phá các làng chài địa phương, vườn tiêu, nhà thùng nước mắm hay thưởng thức đặc sản địa phương như bún quậy, gỏi cá trích. Trong 9 tháng năm nay, Phú Quốc đón hơn 720.000 lượt du khách quốc tế, tăng hơn 56% so với cùng kỳ năm trước và vượt kế hoạch cả năm hơn 8,6%. Phú Quốc hiện đón khách hơn 150 quốc gia và vùng lãnh thổ với nhiều đường bay thẳng từ Hàn Quốc, Malaysia, Thái Lan, Đài Loan. Từ tháng 10, đảo sẽ có thêm nhiều đường bay từ Hong Kong, Singapore, Cộng hòa Séc, Slovakia, Ba Lan, Nga, Mông Cổ, Kazakhstan và Uzbekistan. Dự kiến mùa du lịch cuối năm nay, Phú Quốc đón 100 chuyến bay quốc tế mỗi tuần. Con số này tăng khoảng 25% so với cùng kỳ năm ngoái. Nhiều chuyên gia nhận định việc liên tục thu hút sự chú ý của truyền thông quốc tế sẽ giúp đảo ngọc trở thành 'thiên đường nhiệt đới' mọi du khách đều muốn trải nghiệm. Thanh Thư","Phú Quốc, đảo ngọc của Việt Nam, đã được vinh danh tại hai hạng mục của Tạp chí du lịch Condé Nast Traveler. Phú Quốc xếp thứ 15 trong top các quốc gia đáng du lịch nhất thế giới và lần thứ ba liên tiếp vào danh sách 'Những hòn đảo tuyệt vời nhất thế giới' với số điểm 95,36. Đảo này được đánh giá cao về chất lượng dịch vụ, cảnh sắc, bãi biển, ẩm thực và sự hiếu khách. Phú Quốc đã nhận được nhiều lời khen từ cộng đồng du lịch thế giới, bao gồm cả việc được tạp chí Travel+Leisure bình chọn là hòn đảo đẹp thứ hai thế giới, DestinAsian đưa Phú Quốc vào top 10 đảo tuyệt vời nhất châu Á và Lonely Planet nhận định Phú Quốc là điểm đến biển hàng đầu của thập kỷ.","Phú Quốc năm thứ ba liên tiếp vào danh sách 'Những hách đảo tuyệt vời nhất thế giới'. Mặc điểm số này, Phú Quốc từ vị trí thứ 8 trong top 10 đảo châu Á lên thứ hai, chỉ sau Bali (Indonesia) với số điểm suýt hơn 95,71. Năm nay, Phú Quốc nhận được nhiều lời khen từ cộng đồng du lịch thế giới. Tháng 7, tạp chí Travel +Lea vừa bình chọn Phú Quốc là hách đảo đẹp thứ hai thế giới, sau Maldives, tại giải thưởng World's Best Awards 2024. Destin Asia đưa Phú Quốc vào top 10 đảo tuyệt vời nhất châu Á.","Phú Quốc năm thứ ba liên tiếp vào danh sách 'Những hách đảo tuyệt vời nhất thế giới' với số điểm 95,36, tăng so với 88,89 của năm ngo ngo. Năm nay, Phú Quốc nhận được nhiều lời khen từ cộng đồng du lịch thế giới. Năm nay, Phú Quốc đón 100 chuyến bay quốc tế mỗi tuần."
"KKday Vietnam vừa công bố hợp tác chiến lược Swiss Travel System (STP) vào ngày 18/10, tại khách sạn Movenpick Hà Nội. Sự kiện đánh dấu cột mốc quan trọng trong hành trình phát triển của KKday, mở ra những cơ hội mới cho du lịch trải nghiệm cao cấp tại Việt Nam và quốc tế. Theo đó, Swiss Travel Pass - sản phẩm chủ lực của STP, cho phép du khách khám phá Thụy Sĩ thông qua hệ thống giao thông công cộng toàn diện, mang đến trải nghiệm du lịch tiện lợi, tiết kiệm chi phí. Việc hợp tác giúp KKday tiếp cận các thị trường du lịch cao cấp và tạo điều kiện để những đại lý du lịch tại Việt Nam cung cấp thêm nhiều gói sản phẩm du lịch đa dạng cho du khách. 'Việc hợp tác với Swiss Travel System là một dấu ấn quan trọng đối với chúng tôi trong việc mở rộng thị trường và khẳng định vị thế trên trường quốc tế. Đây là cơ hội lớn để chúng tôi phát triển các sản phẩm du lịch outbound đồng thời giúp khách hàng Việt Nam có thêm nhiều trải nghiệm du lịch đẳng cấp, đáng nhớ', bà Annie Nguyễn, Giám đốc điều hành của KKday Vietnam, cho biết. Đại diện KKday Vietnam cho biết trong tương lai, đơn vị cam kết tiếp tục mở rộng hệ sinh thái sản phẩm du lịch của mình, ngoài thị trường nội địa còn hướng tới quốc tế. Việc hợp tác các đối tác chiến lược như Swiss Travel System là minh chứng cho sự nỗ lực của công ty trong việc mang đến những sản phẩm du lịch chất lượng cao và bền vững cho cả đại lý du lịch lẫn khách hàng trên toàn cầu. KKday là nền tảng du lịch châu Á, phủ khắp hơn 92 quốc gia trên toàn cầu và 8 triệu người dùng hoạt động mỗi tháng. Đại diện đơn vị cho biết, trong vai trò là một trong những nền tảng du lịch được đánh giá cao tại châu Á, KKday không ngừng khẳng định vai trò trong việc cung cấp các sản phẩm và dịch vụ du lịch đa dạng, đem lại nhiều trải nghiệm cho người dùng khắp thế giới. KKday Agent, một trong những nền tảng chủ lực của KKday, kết nối hàng nghìn đối tác với các sản phẩm và trải nghiệm dành cho các đại lý du lịch (Travel Agents - TA). Điều này giúp tạo dựng một hệ sinh thái phong phú, hỗ trợ các đại lý trong việc thiết kế những hành trình mới lạ, mang lại sự khác biệt và tối ưu hóa trải nghiệm cho khách hàng. Trong những năm qua, KKday Agent gặt hái nhiều thành công tại thị trường nội địa Việt Nam với các sản phẩm du lịch khám phá văn hóa, ẩm thực và thiên nhiên. Những sản phẩm này làm phong phú thêm thị trường trong nước đồng thời nhận phản hồi tích cực từ các đối tác, khách hàng. Như Ý","KKday Vietnam vừa công bố hợp tác chiến lược với Swiss Travel System (STP), cho phép du khách khám phá Thụy Sĩ qua hệ thống giao thông công cộng toàn diện. Sự kiện này đánh dấu cột mốc quan trọng trong hành trình phát triển của KKday, mở ra cơ hội mới cho du lịch trải nghiệm cao cấp tại Việt Nam và quốc tế. Việc hợp tác giúp KKday tiếp cận thị trường du lịch cao cấp và tạo điều kiện cho đại lý du lịch tại Việt Nam cung cấp thêm nhiều gói sản phẩm du lịch đa dạng cho du khách.","Kết day Vietnam vừa công bố hợp tác chiến lược Switzerland Travel System (STP) với Swiss Travel System (STP) tại khách sạn Mường Phốn Hà Nội. Dự án này mở ra cơ hội mới cho du lịch trải nghiệm cao cấp tại Việt Nam và quốc tế, mang đến trải nghiệm du lịch tiện lợi, tiết kiệm chi phí. Hợp tác này giúp KKday tiếp cận các thị trường du lịch cao cấp và tạo điều kiện để những đại lý du lịch tại Việt Nam cung cấp thêm nhiều gói suất du lịch đa dạng cho du khách.","KKday Vietnam vừa công bố hợp tác chiến lược Swiss Travel System (STP) vào ngày 18/10, tại khách sạn MovennPà Hà Nội. Sự kiện đánh dấu cột mập quan trọng trong hành trình phát triển của KKday, mở ra những cơ hội mới cho du lịch trải nghiệm cao cấp tại Việt Nam và quốc tế. Theo đó, Swiss Travel Pass - sản sản chủ lực của STP, cho phép du khách khám phá Thụy Sĩ thông qua hệ thống giao thông công cộng toàn diện, mang đến trải nghiệm du lịch tiện lợi, tiết kiệm chi phí. Hợp tác này giúp KKday tiếp cận các thị trường du lịch cao cấp và tạo điều kiện để những đại lý du lịch tại Việt Nam cung cấp thêm liệu du lịch đa dạng cho du khách."
"Công ty du lịch NhatbanAZ mở bán chùm tour Nhật Bản khởi hành dịp Tết Dương lịch và Âm lịch từ đầu tháng 10. Trong đó, các tour truyền thống đến Osaka, Kyoto và Tokyo được làm mới bằng những hoạt động phù hợp với mùa đông xuân như trượt tuyết tại Fujiten Resort, ngắm tuyết làng cổ Oshino Hakkai và tham gia lễ hội ánh sáng Nabana no sato. NhatbanAZ cũng mở rộng các cung đường mới cho du khách trải nghiệm trong dịp Tết 2025. Cụ thể, tour Hokkaido gồm Asahikawa, Monbetsu và Sapporo với giá 55,9 triệu đồng mỗi khách. Du khách sẽ tham gia câu cá trên băng, đi tàu phá băng và thưởng thức bia hơi tại Sapporo, cùng dịch vụ hàng không 5 sao và lưu trú khách sạn 4 sao quốc tế. Tour thứ hai là chuyến thăm làng cổ Shirakawago, núi Phú Sĩ và Tokyo trong 6 ngày 5 đêm với giá 31,9 triệu đồng mỗi khách. Du khách sẽ được chiêm ngưỡng tuyết trắng tại Shirakawago, một Di sản Văn hóa Thế giới của UNESCO từ năm 1995. Tour cũng gồm tham quan lâu đài Matsumoto - di tích bảo vật quốc gia của Nhật Bản và trải nghiệm trượt tuyết tại Fujiten Snow Resort - top 3 khu trượt tuyết nổi tiếng. Bà Hồ Như Thảo, Giám đốc Điều hành NhatbanAZ Văn phòng TP HCM cho biết sản phẩm mới này nhận được sự quan tâm lớn từ du khách, đặc biệt là những người từng đi Nhật và muốn trở lại với hành trình mới. Khu vực Hokkaido được biết đến với tuyết rơi dày đặc hơn Tokyo hay Osaka, nên lịch khởi hành tour Hokkaido dịp Tết Âm lịch nhận được nhiều đăng ký giữ chỗ. Trong dịp Tết Nguyên đán 2025, NhatbanAZ cung cấp các hành trình từ 5 đến 6 ngày với mức giá cơ bản đến cao cấp, khoảng 31,9 - 55,9 triệu đồng mỗi khách để đáp ứng nhu cầu đa dạng. Giá tour Tết có phần chênh lệch so với ngày thường và tăng so với cùng kỳ năm trước. Do đó, NhatbanAZ chủ động gặp gỡ và làm việc với các đối tác cung cấp dịch vụ, từ đó xây dựng chương trình, đưa ra chính sách ưu đãi tốt nhất cho khách hàng. Với kinh nghiệm hơn 15 năm trong ngành du lịch chuyên thị trường Nhật Bản, NhatbanAZ thuộc danh sách công ty chỉ định nộp visa bởi Đại sứ quán Nhật Bản đề xuất. Đồng thời là đối tác chiến lược của các hãng hàng không, khách sạn và đối tác land tour uy tín tại Nhật Bản. Công ty cũng là nhà tư vấn và tổ chức những chuyến Famtrip kết nối các công ty du lịch Việt Nam tới tham quan xúc tiến đầu tư, hợp tác tại Nhật Bản. Thanh Thư","Công ty du lịch Nhật Bản AZ tung ra các tour du lịch Nhật Bản dịp Tết Dương lịch và Âm lịch 2025, bao gồm các tour truyền thống được làm mới và các tour mới đến Hokkaido (55,9 triệu đồng/khách) và Shirakawago, núi Phú Sĩ, Tokyo (31,9 triệu đồng/khách).  Các tour này đa dạng về giá cả, từ cơ bản đến cao cấp, và nhận được sự quan tâm lớn từ du khách, đặc biệt là tour Hokkaido do tuyết rơi dày đặc.","Công ty du lịch NhatbanAZ vừa mở bán chùm tour Nhật Bản từ đầu tháng 10. Các tour truyền thống đến Osaka, Kyoto và Tokyo được làm mới, với giá hấp dẫn. Tour thứ nhất là Hokkaido, gồm Asahikawa, Monbetsu và Sapporo với giá 55,9 triệu đồng mỗi khách. Tour thứ hai là chuyến thăm làng cổ Shirakawago, núi Phú Sĩ và Tokyo trong 6 ngày 5 đêm với giá 31,9 triệu đồng mỗi khách. Tour còn có các hoạt động khác như tham quan lâu đài Matsumoto và tham gia lễ hội ánh sáng Nabana no sato. Công ty cũng mở cửa các cung đường mới cho du khách trải nghiệm trong dịp Tết 2025.","Công ty du lịch NhatbanAZ đã mở bán chùm tour Nhật Bản từ đầu tháng 10. Các tour truyền thống đến Osaka, Kyoto và Tokyo được làm mới. Tour thứ hai là chuyến thăm làng cổ Shirakawago, núi Phú Sĩ và Tokyo trong 6 ngày 5 đêm với giá 31,9 triệu đồng mỗi khách. Tour này cũng gồm tham quan lâu đài Matsumoto - di tích bảo vật quốc gia của Nhật Bản và trải nghiệm trượt tuyết tại Fujiten Snow Resort - top 3 khu trượt tuyết nổi tiếng. Công ty cũng là nhà tư vấn và tổ chức những chuyến Famtrip kết nối các công ty du lịch Việt Nam tới tham quan xúc tiến đầu tư, hợp tác tại Nhật Bản."
"Chùa Phổ Quang (chùa Xuân Lũng) nằm trên gò đất thuộc xóm Chùa, xã Xuân Lũng, huyện Lâm Thao và quay mặt về hướng tây. Chùa được xây dựng vào thời Trần (1224-1400), là quần thể gồm Tam quan - gác chuông, nhà bia, tòa Tam bảo kiểu chữ Công gồm bái đường, thiêu hương và chính điện. Công trình kiến trúc tiêu biểu trong sân chùa là Tam quan - gác chuông, được bảo lưu kiến trúc cổ gần như nguyên vẹn với hai tầng 8 mái, bờ nóc đắp hình long cuốn thủy (rồng hút nước). Trên gác chuông treo chuông đồng Phổ Quang tự chung và khánh đồng, niên đại đúc từ năm Minh Mạng nhị thập niên (1839). Bàn thờ Phật bằng đá trong chính điện được Thủ tướng Chính phủ quyết định công nhận là bảo vật quốc gia vào ngày 25/12/2021. Đây là một trong 5 bảo vật quốc gia của Phú Thọ gồm Trống đồng Đền Hùng, Bộ khóa đai lưng bằng đồng, Sưu tập nha chương và tượng Mẫu Âu Cơ. Bàn thờ Phật bằng đá là hiện vật lịch sử gắn với ngôi chùa từ cuối thế kỷ XIV do Sử Đài Điển ngự thư Đô chính thủ Nguyễn Lạp (Đạo Không cư sĩ) cùng Thái học Điển trù Tiểu chi hầu Nguyễn Chiêu và vợ là bà Nguyễn Thị Sửu cung tiến, hoàn công vào đầu năm 1387. Bệ đá hoa sen hình chữ nhật, cao hơn 1 m, rộng 1,25 m và dài 3,3 m, do các phiến đá xanh ghép lại với nhau, nâng đỡ bộ tượng Tam thế. Bệ đá cao 5 tầng, điêu khắc trang trí ba mặt. Mặt sau chỉ chạm cánh sen tầng trên cùng. Các hoa văn trang trí còn lại khắc theo hình rồng và động vật. Ngoài bệ sen, chùa Phổ Quang còn nổi tiếng nhờ là nơi lưu giữ hơn 30 pho tượng gỗ và đất. Về hai tấm bia đá trong chùa, Sách Văn khắc Hán Nôm Việt Nam cho biết một tấm bia cho biết chùa là ngôi cổ tự danh lam bị hư hỏng nên vào năm 1626 đã được những người đứng đầu ở địa phương tổ chức trùng tu. Chùa được xếp hạng Di tích cấp Quốc gia năm 1980. Tháng 4/2021, Tam bảo và nhà bia tại chùa được xã trùng tu, tôn tạo. Trước đó, vào năm 2016, gác chuông cũng được tu bổ. Tổng mức đầu tư cho các hạng mục là hơn 11 tỷ đồng. Gần trưa ngày 23/10, chùa Phổ Quangbị cháy. Khói lửa bốc ra từ ban Tam Bảo của tòa chính điện và bao trùm chính điện trong ít phút. Hàng trăm người dân đã dùng nước dập lửa nhưng bất thành. Công an huyện Lâm Thao huy động 5 xe chữa cháy cùng hàng chục chiến sĩ tới hiện trường. Đến 12h, hỏa hoạn được dập tắt, tuy nhiên phần lớn cấu kiện của tòa chính điện đã bị cháy rụi. Thời điểm cháy, trong chùa không có người. Hiện tại, chùa chưa được đưa vào điểm du lịch của tỉnh nên chưa có số liệu khách thập phương đến thăm viếng chùa. Phương Anh(TheoSở VHDLTT Phú Thọ, Cổng thông tin điện tử huyện Lâm Thao)","Chùa Phổ Quang, một công trình kiến trúc được xây dựng vào thời Trần (1224-1400), nằm trên gò đất thuộc xã Xuân Lũng, huyện Lâm Thao. Chùa được xây dựng với quần thể gồm Tam quan - gác chuông, nhà bia, và tòa Tam bảo kiểu chữ Công. Công trình kiến trúc tiêu biểu trong sân chùa là Tam quan - gác chuông, được bảo lưu kiến trúc cổ gần như nguyên vẹn. Bàn thờ Phật bằng đá trong chính điện được Thủ tướng Chính phủ công nhận là bảo vật quốc gia vào ngày 25/12/2021. Tuy nhiên, vào ngày 23/10, chùa Phổ Quang bị cháy, phần lớn cấu kiện của tòa chính điện đã bị cháy rụi.","Chùa Phổ Quang nằm trên gò đất thuộc xóm Chùa, xã Xuân Lũng, huyện Lâm Thao, là một ngôi tích cực của chùa. Chùa được xây dựng vào thời Trần (1224-1400), là quần thể gồm Tam quan - gác chuông, nhà bia, tòa Tam bảo. Công trình kiến trúc tiêu biểu trong sân chùa là Tam quan - gác chuông, được bảo lưu kiến trúc cổ gần như nguyên vỡn với hai tầng 8 mái, bờ nóc đắp hình long nước. Bảo vật quốc gia của chùa được Thủ tướng Chính phủ quyết định công nhận vào ngày 25/12/2021.","Chùa Phổ Quang nằm trên gò đất thuộc xóm Chùa, xã Xuân Lũng, huyện Lâm Thao. Chùa được xây dựng vào thời Trần (1224-1400), là quần thể gồm Tam quan - gác chuông, nhà bia, tòa Tam bảo. Công trình kiến trúc tiêu biểu trong sân chùa là Tam quan - gác chuông, được bảo lưu kiến trúc cổ gần như nguyên vỡn với hai tầng 8 mái, bờ nóc đắp hình long nước. Đây là một trong 5 bảo vật quốc gia của Phú Thọ."
"Khám phá 'thiên đường' nghỉ dưỡng giữa mây ngàn Du khách muốn đến miền Bắc 'săn mây' thì Hang Đá, đèo Ô Quy Hồ hay đỉnh Fansipan là những gợi ý phù hợp dịp cuối năm. Đặc biệt, Fansipan mùa mây chào đón du khách với thảm hoa Chiêu Quân, trải nghiệm đi cáp treo ngắm thung lũng Mường Hoa và những thửa ruộng bậc thang xanh. Ngay dưới chân núi, du khách có thể đến Bản Mây- nơi hội tụ những ngôi nhà và văn hóa truyền thống của các dân tộc thiểu số. Tới Bản Mây, bạn sẽ được chiêm ngưỡng văn hóa truyền thống của các dân tộc với những món ăn đặc trưng Tây Bắc như thịt nướng mắc khén, lẩu cá hồi và rượu táo mèo. Bên cạnh hành trình khám phá, Hotel de la Coupole - MGallery Sa Pa là lựa chọn phù hợp cho du khách muốn tận hưởng không gian nghỉ dưỡng sang trọng với kiến trúc Pháp và nét văn hóa Tây Bắc. Khách sạn cung cấp dịch vụ spa, hồ bơi trong nhà và nhà hàng cao cấp. Từ khách sạn, du khách có thể phóng tầm mắt ra những thửa ruộng bậc thang và núi non bao quanh. Phòng nghỉ tiện nghi cùng dịch vụ spa, hồ bơi trong nhà và nhà hàng cao cấp phục vụ các món tinh hoa Á - Âu sẽ khiến kỳ nghỉ trọn vẹn hơn. Du khách lưu trú tại đây còn được giảm 50% giá vé cáp treo Sun World Fansipan Legend từ Chủ nhật đến thứ Năm, cùng dịch vụ lối đi ưu tiên tại ga cáp treo. 'Chữa lành' bên vịnh di sản Quảng Ninh vào mùa thu đông mang vẻ đẹp huyền ảo với làn sương mờ phủ quanh những hòn đảo trên vịnh. Hạ Long cách Hà Nội khoảng 160 km, là nơi lý tưởng cho kỳ nghỉ cuối tuần. Du khách có thể chọn nghỉ dưỡng tại Oakwood Ha Long - 'ốc đảo' với tầm nhìn bao quát toàn cảnh vịnh. Cả gia đình có thể dạo bước dọc bãi biển hoặc lên du thuyền khám phá vịnh khi đến đây. Ngoài ra, Sun World Ha Long cách Oakwood Ha Long khoảng 500 m, cung cấp các trò chơi tại Công viên Rồng, Cáp treo Nữ Hoàng và khu vườn Nhật trên đồi Ba Đèo. Đặc biệt, trải nghiệm 'chữa lành' tại Bảo Hải Linh Thông Tự sẽ là điểm nhấn cho chuyến hành trình, mang đến sự bình yên cho tâm hồn giữa thiên nhiên kỳ vỹ. Sau một ngày dài khám phá, du khách nên tắm khoáng nóng tại Yoko Onsen Quang Hanh, chỉ cách trung tâm Hạ Long 15 phút di chuyển. Tại đây, bạn có thể trải nghiệm combo Sumi Public Onsen, thư giãn cơ thể và tinh thần với mức giá ưu đãi. Với khung giờ vàng Morning Onsen (9h - 13h) chỉ 1,13 triệu đồng, Afternoon Onsen (14h - 18h) chỉ 1,07 triệu đồng mỗi khách, du khách được trải nghiệm tắm onsen chuẩn Nhật Bản. Đặc biệt, nhóm từ ba người có thể tận dụng combo Sumi Family với mức giá chỉ 980.000 đồng mỗi khách (bao gồm buffet Nhật Bản), áp dụng từ thứ Hai đến thứ Sáu. Khách nghỉ dưỡng tại Quảng Ninh có thể sử dụng vé WOW Pass với các ưu đãi trọn gói từ Sun World Ha Long như miễn phí vé công viên Rồng và giảm 50% vé cáp treo Nữ Hoàng. Đặc biệt, gói ưu đãi còn bao gồm voucher giảm giá 50% cho vé tại Sun World Fansipan Legend, mở ra cơ hội tận hưởng trọn vẹn vẻ đẹp thiên nhiên kỳ thú của Việt Nam trong mùa thu đông. Thanh Thư","Bài viết giới thiệu hai điểm đến nghỉ dưỡng lý tưởng ở miền Bắc Việt Nam vào mùa cuối năm: Sapa và Hạ Long.  Sapa quyến rũ du khách với khung cảnh mây trời trên đỉnh Fansipan, văn hoá bản địa ở Bản Mây và sự sang trọng của Hotel de la Coupole.  Hạ Long thu hút bởi vẻ đẹp huyền ảo của vịnh, các hoạt động giải trí tại Sun World Ha Long, trải nghiệm tâm linh tại Bảo Hải Linh Thông Tự và thư giãn tại Yoko Onsen Quang Hanh, cùng nhiều ưu đãi hấp dẫn thông qua WOW Pass.","Du khách muốn đến miền Bắc vào dịp cuối năm thường xuyên tìm kiếm ""thiên lợi"" nghỉ dưỡng. Tuy nhiên, việc này không phải dễ dàng thực hiện vì khó khăn về bảo đảm an toàn và vệ sinh môi sống. Vì vậy, các resort giả lập như Hang Đá, Hòn de la Coupole, Mỳ Sa Pa, Quảng Ninh đều có những biện cứu kỹ phù hợp để đảm phòng an toàn và vệ sinh môi sống. Các khu vực nghỉ dưỡng còn có các dịch vụ tiện ích như nhà hàng, quán hộ, hồ bơi, spa, hồ bơi, nhà hàng cao cấp, sân vườn rộng rộng, hồ bơi, sân thể dục, sân thể dục, sân thể dục, sân thể dục, sân thể dục, sân thể dục, sân thể dục, sân thể dục, sân thể dục, sân thể dục, sân thể dục, sân thể dục, sân thể dục, sân thể dục, sân thể dục,","Khám phá 'thiên đạo' nghỉ dưỡng giữa mây thảo Du khách muốn đến miền Bắc 'săn mây' thì Hang Đá, đèo Ô Quy Hồ hay đỉnh Fansipan là những gợi ý phù hợp dịp cuối năm. Du khách có thể đến các địa điểm như Fansipan, Mây, Mường Hoa và Quảng Ninh để khám phá và thưởng thức. Các địa điểm này đều có các hoạt động đặc sắc như cáp treo ngắm thung lũng, thửa ruộng bậc thang xanh, và các hoạt động văn hóa truyền thống. Khách sạn cung cấp dịch vụ spa, hồ bơi trong nhà và nhà hàng cao cấp phục vụ các món tinh hoa Á - Âu."
"Du lịch mùa thu tại Hàn Quốc và Nhật Bản giúp du khách tận hưởng trọn vẹn vẻ đẹp thiên nhiên của hai quốc gia Đông Bắc Á. Tour liên tuyến kéo dài từ 7 đến 8 ngày, cho phép khám phá thủ đô của cả hai nước với giá tour trọn gói từ 39,9 triệu đồng, bay cùng Asiana Airlines. Khi đăng ký tour, du khách nhận được visa cho cả Nhật Bản và Hàn Quốc. Điều này giúp bạn dễ dàng hơn khi xin visa cho các chuyến đi dài hạn khác như châu Âu, Australia hoặc Mỹ. Tour liên tuyến còn tiết kiệm thời gian bay so với việc tham gia từng tour riêng biệt. Bắt đầu hành trình, du khách được tham quan những điểm đến nổi tiếng tại Thủ đô Seoul như: Cung điện Gyeongbok - nơi ở chính của Hoàng gia trong suốt vương triều Chosun, Dinh Tổng Thống - Nhà Xanh từng là nơi làm việc của Tổng thống Hàn Quốc, Bảo tàng Dân Gian Seoul trưng bày 98.000 hiện vật văn hóa dân gian Hàn Quốc. Ngoài ra, du khách còn được mua sắm nhiều đặc sản tại xứ sở kim chi như tinh dầu thông đỏ, nhân sâm, mỹ phẩm nội địa... Để hành trình thêm trọn vẹn, bạn nên check-in cảnh sắc mùa thu tại Tháp truyền hình Namsan, ghi tên mình vào chiếc ổ khóa tình yêu hay thử trang phục hanbok tại làng cổ Bukchon Hanok. Đặc biệt, hành trình còn dành cho đoàn khách một ngày tự do khám phá các khu ẩm thực đường phố như chợ Hongdae, chợ Myeodong, Lotte World, công viên Everland... Sau khi rời Hàn Quốc, đoàn khách sẽ được tiếp tục hành trình đến Nhật Bản trong 4 ngày. Tại đây, bạn được trải nghiệm mặc kimono, tìm hiểu trà đạo và võ sĩ đạo. Những địa điểm nổi bật gồm đền Asakusa Kannon và Hoàng Cung tại Tokyo. Du khách cũng được ghé thăm núi Phú Sỹ và ngôi làng cổ Oshino Hakkai dưới chân núi. Vịnh Odaiba cũng là điểm đến hấp dẫn với cảnh quan đẹp và sầm uất. Ngoài ra, khách tham quan có thể lựa chọn các hành trình khác như Tokyo - Núi Phú Sĩ - Kyoto - Osaka - Seoul hoặc Hokkaido - Sapporo - Furano - Chitose - Seoul với nhiều điểm đến thú vị. Đặc biệt, khi đăng ký tour liên tuyến Hàn Quốc - Nhật Bản, du khách sẽ nhận được phần quà gối kê cổ du lịch từ KTO. Thanh Thư Các tour Hàn Quốc - Nhật Bản mùa thu: - Tokyo - núi Phú Sĩ - Seoul - một ngày tự do mua sắm, khám phá (7 ngày 6 đêm), khởi hành ngày 13/11, 26/12. Trọn gói từ 39,9 triệu đồng.- Tokyo - núi Phú Sĩ - Kyoto - Osaka - Seoul - một ngày tự do mua sắm, khám phá (8 ngày), khởi hành ngày 30/10. Trọn gói từ 42,9 triệu đồng.- Hokkaido - Sapporo - Furano - Chitose - Seoul - một ngày tự do mua sắm, khám phá (7 ngày), khởi hành ngày 24/10, 21/11. Trọn gói từ 42,9 triệu đồngCông ty Du lịch Vietravel - Chi nhánh Hà NộiĐịa chỉ: số 3 Hai Bà Trưng, quận Hoàn KiếmĐiện thoại: (024) 3933 1978 - Hotline: 0989370033; 0983 16 00 22Fanpage:Facebook/VietravelMienBacTìm hiểu thêmtại đây.","Tour liên tuyến Hàn Quốc - Nhật Bản (7-8 ngày) với giá từ 39,9 triệu đồng, bao gồm vé máy bay Asiana Airlines và visa cả hai nước, giúp du khách khám phá Seoul (Cung điện Gyeongbok, Nhà Xanh,...) và Tokyo (đền Asakusa Kannon, núi Phú Sỹ,...).  Chương trình còn có ngày tự do mua sắm và trải nghiệm văn hóa địa phương như mặc Hanbok hay Kimono.","Du lịch mùa thu tại Hàn Quốc và Nhật Bản mang đến cơ hội trải trọn vẹn vẻ đẹp thiên nhiên của hai nước Đông Bắc Á. Tour liên tục kéo dài từ 7 đến 8 ngày, cho phép khám phá thủ đô của cả hai nước với giá tour trọn gói từ 39,9 triệu đồng. Du khách có thể tham quan các điểm đến nổi tiếng tại Thủ đô Seoul như Cung điện Gyeongbok, Dinh Tổng Thống, Bảo tảng Dân Gian Seoul, và thăm quan các khu đá nổi tiếng như núi lửa Kimchi. Tour còn tiết kiệm thời gian bay so với việc tham gia từng tour riêng biệt, và du khách còn được mua sắm nhiều đặc sản tại khu vực kim chi.","Du lịch mùa thu tại Hàn Quốc và Nhật Bản giúp du khách trải trọn vẹn vẻ đẹp thiên nhiên của hai nước Đông Bắc Á. Tour liên tuyến kéo dài từ 7 đến 8 ngày, cho phép khám phá thủ đô của cả hai nước với giá tour trọn gói từ 39,9 triệu đồng. Du khách có thể tham quan những điểm đến nổi tiếng tại Thủ đô Seoul như Cung điện Gyeongbok, Dinh Tổng Thống, Bảo tàng Dân Gian Seoul, thăm quan các di tích lịch lịch và mua sắm tại khu chợ Kim chi. Tour này giúp du khách dễ dàng hơn khi xin visa cho các chuyến đi khác như châu Âu, Australia hoặc Mỹ."
"Bảo tàng thịt nướng (Museum of BQQ) mở cửa vào năm tới được định hướng là nơi tôn vinh nghệ thuật và văn hóa nướng, không gian cho các tín đồ ẩm thực tìm hiểu về văn hóa BBQ ở Mỹ và sự quá trình phát triển của món thịt nướng. Bảo tàng rộng gần 400 m2, đặt tại trung tâm mua sắm Crown Center ở Kansas City thuộc bang Missouri. Bảo tàng do nhà văn Jonathan Bender và đầu bếp Alex Pope sáng lập. Ông Bender đã viết về món thịt nướng trong hơn 15 năm và từng là giám khảo tại Giải đấu thịt nướng thế giới American Royal World Series of Barbecue. Ông cũng là tác giả của phim tài liệu 'Burnt Legend' nói về món thịt nướng đặc trưng của Kansas City. 'Đây là bảo tàng về thịt nướng đầu tiên trên thế giới', ông Jonathan Bender nói vớiCNN. Bảo tàng dự kiến tổ chức các buổi triển lãm về thịt nướng, đưa du khách tìm hiểu đặc trưng và phong cách nướng thịt tại một số vùng ở Mỹ; trưng bày các thành phần làm nên món thịt nướng như thịt, gia vị, gỗ, lửa, lò hun khói, sốt chấm; tìm hiểu các cách làm thịt nướng. Bảo tàng có khu vực mua sắm các loại nước sốt, gia vị và nhiều mặt hàng bán lẻ chủ đề thịt nướng. Người sáng lập bảo tàng cho rằng ở Mỹ, thịt nướng không chỉ là thức ăn mà còn chứa đựng giá trị văn hóa ẩm thực. 'Không thể vội vàng khi ăn thịt nướng', Bender nói và cho hay BBQ (barbecue) là một phần của văn hóa Mỹ trong nhiều thế kỷ. Người Mỹ tổ chức tiệc BBQ để gặp mặt, gắn kết các mối quan hệ hoặc để kỷ niệm một sự kiện quan trọng. Các cuộc triển lãm tương tác tại bảo tàng BBQ cũng đưa khách khám phá nước Mỹ qua những thành phố nổi tiếng với món thịt nướng như Carolinas, Memphis, Texas và Kansas City. Trong thời gian chờ địa điểm này mở cửa, du khách có thể tham quan phiên bản thu nhỏ của bảo tàng đặt ở khu mua sắm Crown Center. Thủ phủ thịt nướng Kansas City có hơn 100 nhà hàng chuyên món BBQ và nhiều cuộc thi nướng thịt, nổi tiếng là World Series of Barbecue, khởi tranh vào cuối tháng 10 hằng năm. BBQ ra đời ở Kansas City từ đầu những năm 1900, khi đầu bếp da màu Henry Perry cho ra mắt món thịt nướng trong hố lót gạch dưới lòng đất. Perry tự gọi mình là 'vua thịt nướng'. 'Vua thịt nướng' sử dụng nhiều nguyên liệu làm BBQ như thịt lợn, thịt cừu, thịt chồn túi, thậm chí là thịt gấu trúc. Danh tiếng món BBQ của Perry nổi như cồn, khiến du khách và người dân không ngại đi xa cả trăm km đến Kansas City chỉ để thưởng thức món ăn của ông. Các nhà sử học Mỹ cho rằng truyền thống thịt nướng phong phú của Kansas City đóng góp quan trọng trong lịch sử ẩm thực Mỹ. Bích Phương(TheoCNN)","Bảo tàng thịt nướng (Museum of BQQ) sẽ mở cửa vào năm tới tại trung tâm mua sắm Crown Center ở Kansas City, bang Missouri. Bảo tàng này được sáng lập bởi nhà văn Jonathan Bender và đầu bếp Alex Pope, với mục đích tôn vinh nghệ thuật và văn hóa nướng, cũng như giới thiệu về văn hóa BBQ ở Mỹ. Bảo tàng rộng khoảng 400 m2 và dự kiến tổ chức các buổi triển lãm về thịt nướng, trưng bày các thành phần làm nên món thịt nướng, cũng như khu vực mua sắm các loại nước sốt, gia vị và nhiều mặt hàng bán lẻ chủ đề thịt nướng. Người sáng lập bảo tàng cho rằng thịt nướng không chỉ là thức ăn mà còn chứa đựng giá trị văn hóa ẩm thực, và là một phần của văn hóa Mỹ trong nhiều thế kỷ.","Bảo tàng thịt nướng (Museum của Bảy) mở cửa vào năm tới, nằm ở trung tâm mua sắm Crown Center ở Kansas City, bang Missouri. Bảo tàng này sẽ giới thiệu về các loại thịt nướng, phong cách nướng thịt tại một số vùng ở Mỹ, trưng bày các thành phần làm nên món thịt nướng và trưng chiếu các cách làm thịt nướng. Mục đích của bảo tàng này là giúp du khách tìm hiểu về văn hóa BBQ tại Mỹ và khám phá các món thịt nướng độc đáo của Kansas City.","Bảo tàng thịt nướng (Museum of Búa) mở cửa vào năm tới tại Kansas City, Missouri. Bảo tàng được đặt tại trung tâm mua sắm Crown Center và dự kiến tổ chức các triển lãm về thịt nướng, đưa du khách tìm hiểu đặc trưng và phong cách nướng thịt tại một số vùng ở Mỹ. Mục tiêu của bảo tàng là tôn vinh nghệ thuật và văn hóa nướng, không gian cho các tín đồ ẩm thực tìm hiểu về văn hóa BBQ ở Mỹ và sự phát triển của món thịt nướng."
